0,1,2,3,4,5,6,7,8,9,10,11
#paulomorais2016,#EdgarSilva,#henriquene‚Ä¶,#Marisa,#bel√©m,#SampaioDaN√≥voa,#JORGESEQUEIRAPRESIDENTE,#portugalcomtino,,#marcelo,#elei√ß√µes,
#paulo‚Ä¶,#edgarsilva,#HenriqueNeto,#Marisa2016,#Bel√©m2016,#sampaiodan√≥voa,#sequeira,#tino,,#Marcelo,#embomportugues,
#paulo‚Ä¶,#jeronimodesousa,#henriqueneto,#marisa2016,#belem2016,#Sampaiodan√≥voa?,#JorgeSequeira,#tino2016,,#Marcelo.,#engagement,
#PauloMorais,#PCP,#henriquene‚Ä¶,#marisa2016...,#Belem2016,#sampaiodanovoa,,#tinoderans,,#Marcelo...,#espa√±a,
,#pcp,,#marisa2016‚Ä¶,#MariaDeBel√©m,#SampaioDaNovoa,,#tinopresidente,,#marcelo√©fixe,#espinho,
,,,#marisa20‚Ä¶,#MariadeBel√©m,#sampaiodanovoa2016,,#VotaTino,,#Marcelo2016,#euqueroumrei,
,,,#marisa2‚Ä¶,#MariadeBelem,#novoa,,#ConsuladoDePortugalEmValenciaJa,,#MarceloBailarino,#fb,
,,,#marisamatias,#ManuelAlegre,#Soares,,#ConsuladoEmValenciaJa,,#marcelorebelodesousa,#feira,
,,,#MarisaMatias,#votomari‚Ä¶,#snap,,#ConsuladoEmValenciaJA,,#MarceloRebeloSousa,#FHF2021,
,,,#MarsaPresidente,#votomar‚Ä¶,#SNAP,,#PortugalComTino,,#marceloroadtrip,#FIFABallonDor,
,,,#VotoMarisa,#bel√©m,#SNAP2016,,#vototino,,#PSD,#gostos,
,,,#votomarisa,#Bel√©m2016,#snap2016,,#TinoBem,,#jsd,#,
,,,#votoMarisa,#belem,#snap2016pr,,#tinoderanz,,#jsdcaldasdarainha,#√âvora!,
,,,#votomarisa...,#MariadeBel√©m,#SampaioDaN√≥voa,,#tinobem,,#marcelo√©fixe,#20D,
,,,#VotaMarisa,#MariaDeBel√©m,#SampaiodaN√≥voa,,#PortugalcomTino,,#marcelo√©fixe‚Ä¶,#24E,
,,,#marisa2016‚Ä¶,#mariadebelem,#sampaiodan√≥voa,,#Tino,,,#aferros,
,,,#marisa20‚Ä¶,,#SampaiodaN√≥voa,,#TinoDoPovo,,,#AfirmarAbril,
,,,#marisa2‚Ä¶,,#Sampaiodan√≥voa?,,,,,#DavidBowie,
,,,#Marisa!,,#SampaiodaN√≥voa,,,,,#descrimina√ß√£o,
,,,,,#N√≥voa,,,,,#Diario,
,,,,,#Novoa,,,,,#Legislativas2015,
,,,,,,,,,,#Pol√≠tica,
,,,,,,,,,,#pol√≠tica,
,,,,,,,,,,#politica,
,,,,,,,,,,#pontedelima,
,,,,,,,,,,#porto,
,,,,,,,,,,#Porto!,
,,,,,,,,,,#Porto:,
,,,,,,,,,,#Portugal,
,,,,,,,,,,#portugal,
,,,,,,,,,,#Portugal2016,
,,,,,,,,,,#MarketingDigital,
,,,,,,,,,,#media,
,,,,,,,,,,#leiria,
,,,,,,,,,,#Leiria.,
,,,,,,,,,,#LemasDeCampanha,
,,,,,,,,,,#lemasdecampanha,
,,,,,,,,,,#letthebestjinglewin,
,,,,,,,,,,#Lisboa.,
,,,,,,,,,,#manteigaPT,
,,,,,,,,,,#Presid√™ncia,
,,,,,,,,,,#Presid√™nciais2016,
,,,,,,,,,,#presidenciais,
,,,,,,,,,,#PRESIDENCIAIS2016,
,,,,,,,,,,#Presidenciais2016,
,,,,,,,,,,#presidenciais2016,
,,,,,,,,,,#presidenciais2016,
,,,,,,,,,,#Presidenciais2016.,
,,,,,,,,,,#presidenciais2016.,
,,,,,,,,,,#PRESIDENCIAIS2016.,
,,,,,,,,,,#presidenciais2016...,
,,,,,,,,,,#Presidenciais2016...,
,,,,,,,,,,#Presidenciais2016:,
,,,,,,,,,,#Presidenciais2016?,
,,,,,,,,,,#presidenciais2016?,
,,,,,,,,,,#presidenciais2016‚Ä¶,
,,,,,,,,,,#presidenciais201‚Ä¶,
,,,,,,,,,,#presidenciais20‚Ä¶,
,,,,,,,,,,#presidenciais2‚Ä¶,
,,,,,,,,,,#presidenciais‚Ä¶,
,,,,,,,,,,#presidencia‚Ä¶,
,,,,,,,,,,#presidencias,
,,,,,,,,,,#presiden‚Ä¶,
,,,,,,,,,,#Presidente,
,,,,,,,,,,#Portugal‚Ä¶,
,,,,,,,,,,#PORTUGALSOMOSNOS,
,,,,,,,,,,#Portugueses,
,,,,,,,,,,#Portu‚Ä¶,
,,,,,,,,,,#precipitei_me,
,,,,,,,,,,#pre‚Ä¶,
,,,,,,,,,,#SouPortuguesEEspanhol,
,,,,,,,,,,#sporting,
,,,,,,,,,,#youtube,
,,,,,,,,,,#braga,
,,,,,,,,,,#braga,
,,,,,,,,,,#bragan√ßa,
,,,,,,,,,,#Brasil,
,,,,,,,,,,#voto2016,
,,,,,,,,,,#votaNuloOuXulo,
,,,,,,,,,,#VascoSantana,
,,,,,,,,,,#universidade,
,,,,,,,,,,#truecolours,
,,,,,,,,,,#UE,
,,,,,,,,,,#algarve,
,,,,,,,,,,#alhosvedros,
,,,,,,,,,,#Amarante,
,,,,,,,,,,#Angola,
,,,,,,,,,,#aparte,
,,,,,,,,,,#apitodourado?,
,,,,,,,,,,#Aveiro.,
,,,,,,,,,,#azeit√£o.,
,,,,,,,,,,#BallondOr,
,,,,,,,,,,#Beja,
,,,,,,,,,,#bibliotecas,
,,,,,,,,,,#BlueMonday,
,,,,,,,,,,#BoaPiada,
,,,,,,,,,,#ca√ßaaopirilampo,
,,,,,,,,,,#caldasdarainha,
,,,,,,,,,,#campanhatvi24,
,,,,,,,,,,#Catavento!,
,,,,,,,,,,#cmtv,
,,,,,,,,,,#Coimbra,
,,,,,,,,,,#coimbra,
,,,,,,,,,,#comicioporto,
,,,,,,,,,,#HomemDoBussaco,
,,,,,,,,,,#humor,
,,,,,,,,,,#illustration,
,,,,,,,,,,#imagensdecampanha,
,,,,,,,,,,#jaEnterraste,
,,,,,,,,,,#Jonasüî´,
,,,,,,,,,,#Moura,
,,,,,,,,,,#nortondematos,
,,,,,,,,,,#presidentepresente,
,,,,,,,,,,#preside‚Ä¶,
,,,,,,,,,,#presid‚Ä¶,
,,,,,,,,,,#pr‚Ä¶,
,,,,,,,,,,#PutosPoliticos,
,,,,,,,,,,#QueroVotar,
,,,,,,,,,,#rcn,
,,,,,,,,,,#RCNRadio,
,,,,,,,,,,#Repost,
,,,,,,,,,,#rt,
,,,,,,,,,,#seguidores,
,,,,,,,,,,#Selfie,
,,,,,,,,,,#semfiltros,
,,,,,,,,,,#Setubal,
,,,,,,,,,,#sicnacampanha,
,,,,,,,,,,#SillySeason?,
,,,,,,,,,,#sketch,
,,,,,,,,,,#sloganpresidenciais,
,,,,,,,,,,#oDesafio,
,,,,,,,,,,#OReComendador,
,,,,,,,,,,#oteupa√≠snastuasm√£os,
,,,,,,,,,,#overdadeiroartistadapropaganda,
,,,,,,,,,,#P√°tioDasCantigas,
,,,,,,,,,,#ParecidosRazonables,
,,,,,,,,,,#patais,
,,,,,,,,,,#Penafiel,
,,,,,,,,,,#JRL,
,,,,,,,,,,#presidentecamaleao,
,,,,,,,,,,#presidentefuracao,
,,,,,,,,,,#vichycoiso,
,,,,,,,,,,#vidadeilh√©u,
,,,,,,,,,,#video,
,,,,,,,,,,#vilareal,
,,,,,,,,,,#vivaoalgarve,
,,,,,,,,,,#Judas,
,,,,,,,,,,#juntosporportugal,
,,,,,,,,,,#mftvi24,
,,,,,,,,,,#Mirandela.,
,,,,,,,,,,#monarquia,
,,,,,,,,,,#‚Ä¶,
,,,,,,,,,,#p‚Ä¶,
,,,,,,,,,,#Podemos,
,,,,,,,,,,#v‚Ä¶,
,,,,,,,,,,#vo‚Ä¶,
,,,,,,,,,,#vot‚Ä¶,
,,,,,,,,,,#votom‚Ä¶,
,,,,,,,,,,#voto‚Ä¶,
,,,,,,,,,,#√âisto,
,,,,,,,,,,#√âvora!,
,,,,,,,,,,#AcordoOrtogr√°fico,
,,,,,,,,,,#africa,
,,,,,,,,,,#Algarve,
,,,,,,,,,,#amacompanha,
,,,,,,,,,,#amenacavaqueira,
,,,,,,,,,,#amostra,
,,,,,,,,,,#arruadas,
,,,,,,,,,,#azeit√£o.,
,,,,,,,,,,#Benfica,
,,,,,,,,,,#Benim:,
,,,,,,,,,,#Benin,
,,,,,,,,,,#betacaralhudosan,
,,,,,,,,,,#beta‚Ä¶,
,,,,,,,,,,#BlastingNews,
,,,,,,,,,,#braga,
,,,,,,,,,,#bragan√ßa,
,,,,,,,,,,#Brasil,
,,,,,,,,,,#Brava,
,,,,,,,,,,#ca√ßaaopirilampo,
,,,,,,,,,,#campanha,
,,,,,,,,,,#candidatos,
,,,,,,,,,,#ca‚Ä¶,
,,,,,,,,,,#CNE,
,,,,,,,,,,#CR7,
,,,,,,,,,,#CristianoRonaldo,
,,,,,,,,,,#dayumbetauhu,
,,,,,,,,,,#denada,
,,,,,,,,,,#descrimina√ß√£o,
,,,,,,,,,,#DespertaTransam√©rica,
,,,,,,,,,,#dnoticias,
,,,,,,,,,,#economia,
,,,,,,,,,,#Economico,
,,,,,,,,,,#Edgar,
,,,,,,,,,,#Edgar_Silva,
,,,,,,,,,,#Edgar_Silva:,
,,,,,,,,,,#EdilsonVuelma,
,,,,,,,,,,#elei√ß√µes,
,,,,,,,,,,#Elei√ß√µes,
,,,,,,,,,,#elei√ß√µespresidenciais,
,,,,,,,,,,#EMN,
,,,,,,,,,,#espa√±a,
,,,,,,,,,,#ESQUERDAS:,
,,,,,,,,,,#Estrumeira,
,,,,,,,,,,#Estudantes,
,,,,,,,,,,#Expresso,
,,,,,,,,,,#Expresso_Manchete,
,,,,,,,,,,#FalaRN,
,,,,,,,,,,#feedbrasil,
,,,,,,,,,,#Finan√ßas,
,,,,,,,,,,#flat,
,,,,,,,,,,#Forex,
,,,,,,,,,,#gays,
,,,,,,,,,,#Geral,
,,,,,,,,,,#GloboNot√≠ciaAm√©ricas,
,,,,,,,,,,#Golpe,
,,,,,,,,,,#GoogleNewsPortugal,
,,,,,,,,,,#governosombra,
,,,,,,,,,,#tvi,
,,,,,,,,,,#tvi,
,,,,,,,,,,#TVI24,
,,,,,,,,,,#tvi24,
,,,,,,,,,,#vidadeilh√©u,
,,,,,,,,,,#v‚Ä¶,
,,,,,,,,,,#vo‚Ä¶,
,,,,,,,,,,#vot‚Ä¶,
,,,,,,,,,,#votomari‚Ä¶,
,,,,,,,,,,#votomar‚Ä¶,
,,,,,,,,,,#votom‚Ä¶,
,,,,,,,,,,#voto‚Ä¶,
,,,,,,,,,,#womenleaders,
,,,,,,,,,,#sapoavotos,
,,,,,,,,,,#SDV,
,,,,,,,,,,#sdv,
,,,,,,,,,,#senado,
,,,,,,,,,,#SergioMoro,
,,,,,,,,,,#sic,
,,,,,,,,,,#sicnoticias,
,,,,,,,,,,#SMcanalQ,
,,,,,,,,,,#Sociedade_Manchete,
,,,,,,,,,,#sol,
,,,,,,,,,,#sondagens:,
,,,,,,,,,,#StateOfTheUnion,
,,,,,,,,,,#taiwan,
,,,,,,,,,,#teamfollowback,
,,,,,,,,,,#team‚Ä¶,
,,,,,,,,,,#teamtulicreme,
,,,,,,,,,,#televis√£o,
,,,,,,,,,,#temposdeantena?,
,,,,,,,,,,#TimBeta,
,,,,,,,,,,#TIMBETA,
,,,,,,,,,,#Portugal‚Ä¶,
,,,,,,,,,,#Portu‚Ä¶,
,,,,,,,,,,#PR15,
,,,,,,,,,,#pre‚Ä¶,
,,,,,,,,,,#Presid√™ncia,
,,,,,,,,,,#Presid√™nciais2016,
,,,,,,,,,,#Presidenciais,
,,,,,,,,,,#presidenciais,
,,,,,,,,,,#Presidenciais:,
,,,,,,,,,,#presidenciais?,
,,,,,,,,,,#presidenciais2016,
,,,,,,,,,,#presidenciais2016‚Ä¶,
,,,,,,,,,,#presidenciais201‚Ä¶,
,,,,,,,,,,#presidenciais20‚Ä¶,
,,,,,,,,,,#presidenciais2‚Ä¶,
,,,,,,,,,,#presidenciais‚Ä¶,
,,,,,,,,,,#presidencia‚Ä¶,
,,,,,,,,,,#presiden‚Ä¶,
,,,,,,,,,,#preside‚Ä¶,
,,,,,,,,,,#presid‚Ä¶,
,,,,,,,,,,#pr‚Ä¶,
,,,,,,,,,,#PT,
,,,,,,,,,,#quest√µesfilos√≥ficas,
,,,,,,,,,,#REDE,
,,,,,,,,,,#RihannaNavy,
,,,,,,,,,,#RT,
,,,,,,,,,,#RTP,
,,,,,,,,,,#RTRevistaISTOE:,
,,,,,,,,,,#RuiCostaPinto,
,,,,,,,,,,#S√≥QueN√£o,
,,,,,,,,,,#imagensdecampanha,
,,,,,,,,,,#IMPRENSA,
,,,,,,,,,,#inqu√©rito,
,,,,,,,,,,#IPAMMKTDIGITAL,
,,,,,,,,,,#jn,
,,,,,,,,,,#Jonasüî´,
,,,,,,,,,,#Juntosporportugal...,
,,,,,,,,,,#LavaJato,
,,,,,,,,,,#Lavajato,
,,,,,,,,,,#lgbt,
,,,,,,,,,,#LGBT,
,,,,,,,,,,#liberal,
,,,,,,,,,,#madeira,
,,,,,,,,,,#MaisActualBlog,
,,,,,,,,,,#mang√°,
,,,,,,,,,,#PINN,
,,,,,,,,,,#Pol√≠tica,
,,,,,,,,,,#pol√≠tica,
,,,,,,,,,,#Politica,
,,,,,,,,,,#Port‚Ä¶,
,,,,,,,,,,#PORTUGAL,
,,,,,,,,,,#Portugal:,
,,,,,,,,,,#mundo,
,,,,,,,,,,#mundovirtual:,
,,,,,,,,,,#munic√≠pios,
,,,,,,,,,,#N√£o√âMau,
,,,,,,,,,,#Nem_mais,
,,,,,,,,,,#ninguemmerece,
,,,,,,,,,,#not√≠cia,
,,,,,,,,,,#not√≠cias,
,,,,,,,,,,#noticiasdacova,
,,,,,,,,,,#Novas,
,,,,,,,,,,#observador,
,,,,,,,,,,#‚Ä¶,
,,,,,,,,,,#OperacaoBetaLab,
,,,,,,,,,,#operacaobetalab,
,,,,,,,,,,#orafodasse,
,,,,,,,,,,#oteupa√≠snastuasm√£os,
,,,,,,,,,,#P√°tioDasCantigas,
,,,,,,,,,,#P73,
,,,,,,,,,,#P76,
,,,,,,,,,,#pa√≠s,
,,,,,,,,,,#Iberoam√©ricaemdia,
,,,,,,,,,,#somostodosaf√°veisprovedoresdocidad√£o,
,,,,,,,,,,#presidenciais2016‚Äù,
,,,,,,,,,,#FB,
,,,,,,,,,,#Peseiro,
,,,,,,,,,,#FCPorto?,
,,,,,,,,,,#elei√ß√µespresidenciais2016,
,,,,,,,,,,#debatepresidenciais,
,,,,,,,,,,#2775_Carcavelos,
,,,,,,,,,,#lisboa,
,,,,,,,,,,#azorestoday,
,,,,,,,,,,#Illustration,
,,,,,,,,,,#presid√™nciais,
,,,,,,,,,,#FrodoDc,
,,,,,,,,,,#frododcyoutube,
,,,,,,,,,,#reidainova√ßao,
,,,,,,,,,,#azeitePr,
,,,,,,,,,,#SouMaisRemo,
,,,,,,,,,,#Espinho,
,,,,,,,,,,#Anta,
,,,,,,,,,,#ASMSFAA,
,,,,,,,,,,#radiorenascenca,
,,,,,,,,,,#Educa√ß√£oPaix√£o,
,,,,,,,,,,#LemadeCampanha,
,,,,,,,,,,#PerguntaSingela:,
,,,,,,,,,,#PerguntaSingela,
,,,,,,,,,,#Mundo,
,,,,,,,,,,#movimentonegro,
,,,,,,,,,,#seppir,
,,,,,,,,,,#elesnemdormem,
,,,,,,,,,,#ualmedia,
,,,,,,,,,,#Noticias,
,,,,,,,,,,#Africa,
,,,,,,,,,,#Sporting,
,,,,,,,,,,#hard_club,
,,,,,,,,,,#hardclub...,
,,,,,,,,,,#presidenciais2016,
,,,,,,,,,,#presidenciais,
,,,,,,,,,,#fucklogic.,
,,,,,,,,,,#intervalo,
,,,,,,,,,,#tiremmedestefilme,
,,,,,,,,,,#debate#presidenciais2016,
,,,,,,,,,,#braga,
,,,,,,,,,,#imagensdecampanha,
,,,,,,,,,,#pa√≠s,
,,,,,,,,,,#Brava,
,,,,,,,,,,#tvi,
,,,,,,,,,,#quasequetevegra√ßa,
,,,,,,,,,,#presidencias2016,
,,,,,,,,,,#debateMal,
,,,,,,,,,,#malandro,
,,,,,,,,,,#lindo,
,,,,,,,,,,#debatertp1,
,,,,,,,,,,#circo,
,,,,,,,,,,#carregabenfica,
,,,,,,,,,,#rtp3,
,,,,,,,,,,#pres‚Ä¶,
,,,,,,,,,,#debatertp,
,,,,,,,,,,#lance,
,,,,,,,,,,#tamosfodidos,
,,,,,,,,,,#estivesses,
,,,,,,,,,,#RealityShow,
,,,,,,,,,,#rtp#portugal,
,,,,,,,,,,#Carnaval2016,
,,,,,,,,,,#rtp1,
,,,,,,,,,,#2016odebate,
,,,,,,,,,,#Pr‚Ä¶,
,,,,,,,,,,#RTP3,
,,,,,,,,,,#ObrigadoRTP1,
,,,,,,,,,,#Terapia,
,,,,,,,,,,#presi‚Ä¶,
,,,,,,,,,,#presidenci‚Ä¶,
,,,,,,,,,,#Presidenciais2016,
,,,,,,,,,,#QuimBarreirosparapresidente,
,,,,,,,,,,#publicofoto,
,,,,,,,,,,#rtp,
,,,,,,,,,,#presidenciais,
,,,,,,,,,,#pre√ßocerto,
,,,,,,,,,,#jesusnocomando,
,,,,,,,,,,#RTP1,
,,,,,,,,,,#debateRTP,
,,,,,,,,,,#priceless,
,,,,,,,,,,#CCR,
,,,,,,,,,,#mudaodiscoohze,
,,,,,,,,,,#debate,
,,,,,,,,,,#povo,
,,,,,,,,,,#odebate,
,,,,,,,,,,#cenas,
,,,,,,,,,,#chupacam√µes,
,,,,,,,,,,#Lisbon,
,,,,,,,,,,#epic,
,,,,,,,,,,#votoma‚Ä¶,
,,,,,,,,,,#bem#Presidenciais2016,
